{
  "train_loss": [
    0.26771471830710214,
    0.23154629970740256,
    0.2141938623351907,
    0.207508533498269,
    0.20556867187495342
  ],
  "roc_auc": [
    0.3916,
    0.2996,
    0.3412,
    0.306,
    0.3116
  ],
  "healthy_mean": [
    0.30231440961360934,
    0.2692763218283653,
    0.24365024954080583,
    0.27908539831638335,
    0.27654468566179274
  ],
  "hemorrhage_mean": [
    0.2934121257066727,
    0.26086884111166,
    0.23453744858503342,
    0.26329958826303484,
    0.26190250426530837
  ]
}