{
  "train_loss": [
    0.0700957496595928,
    0.03514565771435707,
    0.030532641507532998,
    0.027078096080756685,
    0.026859404085796214
  ],
  "roc_auc": [
    0.6776,
    0.6416,
    0.5656000000000001,
    0.5404,
    0.45720000000000005
  ],
  "healthy_mean": [
    0.08213553071022034,
    0.08888963669538498,
    0.08672524899244309,
    0.10339669302105904,
    0.10336236521601677
  ],
  "hemorrhage_mean": [
    0.08604370325803756,
    0.09139039248228073,
    0.08818807154893875,
    0.10392724603414535,
    0.10063296869397163
  ]
}