{
  "config": {
    "channels": 1,
    "timesteps": 1000,
    "objective": "pred_noise",
    "loss": "mse_ssim",
    "train_style": "full"
  },
  "best_roc_auc": 0.6776,
  "final_roc_auc": 0.45720000000000005,
  "best_epoch": 1,
  "final_train_loss": 0.026859404085796214,
  "all_roc_auc": [
    0.6776,
    0.6416,
    0.5656000000000001,
    0.5404,
    0.45720000000000005
  ]
}