{
  "train_loss": [
    0.0013241653055911472,
    5.1363308339398955e-06,
    1.5488059492980459e-06,
    1.1149070216890637e-06,
    9.76077834373421e-07
  ],
  "roc_auc": [
    0.7348,
    0.7315999999999999,
    0.7395999999999999,
    0.7336,
    0.7415999999999999
  ],
  "healthy_mean": [
    0.4302924871444702,
    0.4301480031013489,
    0.4301825433969498,
    0.43034574210643767,
    0.43031815588474276
  ],
  "hemorrhage_mean": [
    0.44746344864368437,
    0.4470478332042694,
    0.4470569729804993,
    0.4470996677875519,
    0.44726116001605987
  ]
}