{
  "train_loss": [
    0.07009675851187687,
    0.03510360484264566,
    0.030430263473253637,
    0.027144047054486947,
    0.026679721562486294
  ],
  "roc_auc": [
    0.6772,
    0.6704,
    0.538,
    0.4732,
    0.43360000000000004
  ],
  "healthy_mean": [
    0.082074324041605,
    0.0884409150481224,
    0.08564985066652298,
    0.1130739602446556,
    0.10531125441193581
  ],
  "hemorrhage_mean": [
    0.0859782862663269,
    0.09138327598571777,
    0.08640143543481826,
    0.1110475005209446,
    0.10144082427024842
  ]
}