{
  "train_loss": [
    0.2650215667515305,
    0.23134522589972345,
    0.21891013425683892,
    0.21363161541323045,
    0.20262771023050294
  ],
  "roc_auc": [
    0.7496,
    0.6924,
    0.7108,
    0.6828000000000001,
    0.626
  ],
  "healthy_mean": [
    0.03030175533145666,
    0.0365462039783597,
    0.045000188276171686,
    0.04635422423481941,
    0.04749574266374111
  ],
  "hemorrhage_mean": [
    0.03658008482307196,
    0.04079682253301144,
    0.05133198320865631,
    0.051028366163372994,
    0.050079471245408055
  ]
}