{
  "config": {
    "channels": 1,
    "timesteps": 1000,
    "objective": "pred_x0",
    "loss": "mse_ssim",
    "train_style": "full"
  },
  "best_roc_auc": 0.7496,
  "final_roc_auc": 0.626,
  "best_epoch": 1,
  "final_train_loss": 0.20262771023050294,
  "all_roc_auc": [
    0.7496,
    0.6924,
    0.7108,
    0.6828000000000001,
    0.626
  ]
}