{
  "train_loss": [
    0.0011378139227112387,
    1.1748885145844817e-05,
    4.81267428053725e-06,
    4.656356597098072e-06,
    2.062467911592175e-06
  ],
  "roc_auc": [
    0.6996,
    0.6988000000000001,
    0.7,
    0.6988000000000001,
    0.6964000000000001
  ],
  "healthy_mean": [
    0.12288095906376839,
    0.12280718684196472,
    0.12284473732113838,
    0.1227930873632431,
    0.12285760700702668
  ],
  "hemorrhage_mean": [
    0.13030481860041618,
    0.13022808954119683,
    0.13027276381850242,
    0.13029375419020653,
    0.1303216202557087
  ]
}