{
  "config": {
    "channels": 3,
    "timesteps": 1000,
    "objective": "pred_noise",
    "loss": "mse_ssim",
    "train_style": "patched"
  },
  "best_roc_auc": 0.7,
  "final_roc_auc": 0.6964000000000001,
  "best_epoch": 3,
  "final_train_loss": 2.062467911592175e-06,
  "all_roc_auc": [
    0.6996,
    0.6988000000000001,
    0.7,
    0.6988000000000001,
    0.6964000000000001
  ]
}