{
  "train_loss": [
    0.10309795709078731,
    0.040954645824011544,
    0.029988683490529258,
    0.024051780255799238,
    0.0218623224174402
  ],
  "roc_auc": [
    0.7224,
    0.7304,
    0.7256,
    0.7292000000000001,
    0.7296
  ],
  "healthy_mean": [
    0.30754383862018586,
    0.3272950154542923,
    0.3258209890127182,
    0.2901399829983711,
    0.2857549139857292
  ],
  "hemorrhage_mean": [
    0.3232178229093552,
    0.3460890531539917,
    0.34568573236465455,
    0.3097236251831055,
    0.3046861642599106
  ]
}