{
  "config": {
    "channels": 3,
    "timesteps": 300,
    "objective": "pred_noise",
    "loss": "mse",
    "train_style": "full"
  },
  "best_roc_auc": 0.7304,
  "final_roc_auc": 0.7296,
  "best_epoch": 2,
  "final_train_loss": 0.0218623224174402,
  "all_roc_auc": [
    0.7224,
    0.7304,
    0.7256,
    0.7292000000000001,
    0.7296
  ]
}