{
  "train_loss": [
    0.05600006846284252,
    0.04520731778123927,
    0.041652884252442186,
    0.03973815702877899,
    0.03572965544180326
  ],
  "roc_auc": [
    0.6771999999999999,
    0.6900000000000001,
    0.6944,
    0.6928,
    0.6992
  ],
  "healthy_mean": [
    0.021126079134701284,
    0.019762282082810997,
    0.020989985996857287,
    0.018735629097209314,
    0.022131403516978024
  ],
  "hemorrhage_mean": [
    0.029015472773462534,
    0.027251981552690267,
    0.02771771339699626,
    0.026005752235651016,
    0.02815554242581129
  ]
}