{
  "config": {
    "channels": 1,
    "timesteps": 1000,
    "objective": "pred_x0",
    "loss": "mse",
    "train_style": "full"
  },
  "best_roc_auc": 0.6992,
  "final_roc_auc": 0.6992,
  "best_epoch": 5,
  "final_train_loss": 0.03572965544180326,
  "all_roc_auc": [
    0.6771999999999999,
    0.6900000000000001,
    0.6944,
    0.6928,
    0.6992
  ]
}