{
  "train_loss": [
    0.10413367580787856,
    0.04084500208080186,
    0.029708977186552795,
    0.02501927026535912,
    0.021775484899783485
  ],
  "roc_auc": [
    0.708,
    0.6868000000000001,
    0.7068,
    0.7068,
    0.6976
  ],
  "healthy_mean": [
    0.06139219999313354,
    0.06264391548931598,
    0.05576033875346184,
    0.061146334186196326,
    0.06444758027791977
  ],
  "hemorrhage_mean": [
    0.0659306711703539,
    0.0663241045922041,
    0.06164782024919987,
    0.06601032808423042,
    0.069238440990448
  ]
}