{
  "train_loss": [
    0.22852834962559848,
    0.18170135292236164,
    0.17051410483821672,
    0.15929251876833384,
    0.15348075839424535
  ],
  "roc_auc": [
    0.6828000000000001,
    0.6952,
    0.63,
    0.6856,
    0.69
  ],
  "healthy_mean": [
    0.01991224495694041,
    0.017677778145298362,
    0.01890872297808528,
    0.014778210204094649,
    0.025066381320357323
  ],
  "hemorrhage_mean": [
    0.02384315075352788,
    0.02206427535042167,
    0.020861072801053523,
    0.01855441998690367,
    0.027825875021517277
  ]
}