{
  "config": {
    "channels": 3,
    "timesteps": 1000,
    "objective": "pred_x0",
    "loss": "mse_ssim",
    "train_style": "full"
  },
  "best_roc_auc": 0.6952,
  "final_roc_auc": 0.69,
  "best_epoch": 2,
  "final_train_loss": 0.15348075839424535,
  "all_roc_auc": [
    0.6828000000000001,
    0.6952,
    0.63,
    0.6856,
    0.69
  ]
}