{
  "train_loss": [
    0.05538840610351989,
    0.046312582202679205,
    0.04131698958512865,
    0.03837456834191526,
    0.0379895112662515
  ],
  "roc_auc": [
    0.32320000000000004,
    0.30079999999999996,
    0.48239999999999994,
    0.4244,
    0.386
  ],
  "healthy_mean": [
    0.17150597125291825,
    0.30035094648599625,
    0.2062205559015274,
    0.21203203052282332,
    0.25003320187330247
  ],
  "hemorrhage_mean": [
    0.16065657019615173,
    0.2783337137103081,
    0.20499523967504502,
    0.20791568100452423,
    0.24434566289186477
  ]
}