{
  "config": {
    "channels": 1,
    "timesteps": 300,
    "objective": "pred_x0",
    "loss": "mse",
    "train_style": "full"
  },
  "best_roc_auc": 0.48239999999999994,
  "final_roc_auc": 0.386,
  "best_epoch": 3,
  "final_train_loss": 0.0379895112662515,
  "all_roc_auc": [
    0.32320000000000004,
    0.30079999999999996,
    0.48239999999999994,
    0.4244,
    0.386
  ]
}