{
  "train_loss": [
    0.0013241554052728396,
    5.142399192597782e-06,
    1.6006766697313616e-06,
    1.100000444720815e-06,
    9.58183622487341e-07
  ],
  "roc_auc": [
    0.7348,
    0.7315999999999999,
    0.7395999999999999,
    0.7336,
    0.7415999999999999
  ],
  "healthy_mean": [
    0.43029331028461454,
    0.4301558500528336,
    0.4301618129014969,
    0.43042348206043246,
    0.43033945202827456
  ],
  "hemorrhage_mean": [
    0.44745285451412203,
    0.4470493972301483,
    0.44706252932548524,
    0.447059720158577,
    0.4473010528087616
  ]
}