{
  "train_loss": [
    0.040433594308542105,
    0.026830648930601074,
    0.02502597700911996,
    0.024493113836706954,
    0.02263045985190459
  ],
  "roc_auc": [
    0.3908,
    0.42919999999999997,
    0.33999999999999997,
    0.42719999999999997,
    0.4028
  ],
  "healthy_mean": [
    0.22329548686742784,
    0.2596443295478821,
    0.25185993522405625,
    0.2048527318239212,
    0.2478075161576271
  ],
  "hemorrhage_mean": [
    0.21623447567224502,
    0.24979184240102767,
    0.24326496839523315,
    0.19767594575881958,
    0.2328455838561058
  ]
}