{
  "config": {
    "channels": 3,
    "timesteps": 300,
    "objective": "pred_x0",
    "loss": "mse",
    "train_style": "full"
  },
  "best_roc_auc": 0.42919999999999997,
  "final_roc_auc": 0.4028,
  "best_epoch": 2,
  "final_train_loss": 0.02263045985190459,
  "all_roc_auc": [
    0.3908,
    0.42919999999999997,
    0.33999999999999997,
    0.42719999999999997,
    0.4028
  ]
}