{
  "train_loss": [
    0.0011427344933691267,
    1.240382645126206e-05,
    5.28659306046086e-06,
    5.89041804928949e-06,
    2.090137126632117e-06
  ],
  "roc_auc": [
    0.7003999999999999,
    0.698,
    0.7,
    0.6988000000000001,
    0.6964000000000001
  ],
  "healthy_mean": [
    0.12290234610438347,
    0.12280961364507675,
    0.12281986281275749,
    0.1228025060892105,
    0.12286202386021614
  ],
  "hemorrhage_mean": [
    0.13033164381980897,
    0.13022365763783456,
    0.13024992674589156,
    0.13029612824320794,
    0.1303204046189785
  ]
}