{
  "config": {
    "channels": 3,
    "timesteps": 1000,
    "objective": "pred_noise",
    "loss": "mse",
    "train_style": "patched"
  },
  "best_roc_auc": 0.7003999999999999,
  "final_roc_auc": 0.6964000000000001,
  "best_epoch": 1,
  "final_train_loss": 2.090137126632117e-06,
  "all_roc_auc": [
    0.7003999999999999,
    0.698,
    0.7,
    0.6988000000000001,
    0.6964000000000001
  ]
}