{
  "train_loss": [
    0.33790257967492404,
    0.24889990499451572,
    0.2327671343027275,
    0.22456982709983525,
    0.2172348906565623
  ],
  "roc_auc": [
    0.6816,
    0.6799999999999999,
    0.666,
    0.6832,
    0.6748000000000001
  ],
  "healthy_mean": [
    0.02447456857189536,
    0.019916484011337162,
    0.019237736286595464,
    0.019790629744529723,
    0.016678666155785324
  ],
  "hemorrhage_mean": [
    0.030390223041176796,
    0.024503241665661334,
    0.023483205549418927,
    0.02469260785728693,
    0.020856172889471055
  ]
}