{
  "train_loss": [
    0.0013066230730393506,
    4.524462487813122e-06,
    1.5278310040802147e-06,
    1.068168271712001e-06,
    8.979152157973649e-07
  ],
  "roc_auc": [
    0.7303999999999999,
    0.7275999999999999,
    0.73,
    0.7304,
    0.7356
  ],
  "healthy_mean": [
    0.11689220920205116,
    0.1168630574643612,
    0.11688129067420959,
    0.11691659271717071,
    0.11692267060279846
  ],
  "hemorrhage_mean": [
    0.12476390346884728,
    0.12463547423481941,
    0.12463807418942452,
    0.12470134988427162,
    0.12477808400988578
  ]
}