{
  "config": {
    "channels": 1,
    "timesteps": 1000,
    "objective": "pred_noise",
    "loss": "mse_ssim",
    "train_style": "patched"
  },
  "best_roc_auc": 0.7356,
  "final_roc_auc": 0.7356,
  "best_epoch": 5,
  "final_train_loss": 8.979152157973649e-07,
  "all_roc_auc": [
    0.7303999999999999,
    0.7275999999999999,
    0.73,
    0.7304,
    0.7356
  ]
}