{
  "train_loss": [
    0.0013065970890422693,
    4.555924983534536e-06,
    1.4905377233877083e-06,
    1.1149343155160213e-06,
    8.805954076685257e-07
  ],
  "roc_auc": [
    0.7303999999999999,
    0.7275999999999999,
    0.73,
    0.7304,
    0.736
  ],
  "healthy_mean": [
    0.11689207673072816,
    0.1168653628230095,
    0.11687944695353508,
    0.1169144308567047,
    0.1169286036491394
  ],
  "hemorrhage_mean": [
    0.12476208090782165,
    0.12463870152831077,
    0.12463391095399856,
    0.12468609556555749,
    0.12477919474244117
  ]
}