{
  "train_loss": [
    0.0368617357385095,
    0.027985367395453566,
    0.02578558067776276,
    0.022817834373067263,
    0.021846733544415547
  ],
  "roc_auc": [
    0.6816000000000001,
    0.6896,
    0.6892,
    0.6748000000000001,
    0.6699999999999999
  ],
  "healthy_mean": [
    0.019344309293664992,
    0.020449929228052496,
    0.01676797845866531,
    0.01571031694300473,
    0.01562614208087325
  ],
  "hemorrhage_mean": [
    0.02485743222758174,
    0.026557488702237605,
    0.02165859121829271,
    0.019899513814598323,
    0.019896785747259855
  ]
}