{
  "config": {
    "channels": 3,
    "timesteps": 1000,
    "objective": "pred_x0",
    "loss": "mse",
    "train_style": "full"
  },
  "best_roc_auc": 0.6896,
  "final_roc_auc": 0.6699999999999999,
  "best_epoch": 2,
  "final_train_loss": 0.021846733544415547,
  "all_roc_auc": [
    0.6816000000000001,
    0.6896,
    0.6892,
    0.6748000000000001,
    0.6699999999999999
  ]
}