{
  "train_loss": [
    0.0011523547068294192,
    1.0764074950347875e-05,
    8.241588640649456e-06,
    3.505108184613188e-06,
    1.9020296230746115e-06
  ],
  "roc_auc": [
    0.7068,
    0.7056,
    0.7036000000000001,
    0.7068,
    0.702
  ],
  "healthy_mean": [
    0.44058148205280306,
    0.44036344707012176,
    0.44032096028327944,
    0.4402982234954834,
    0.4405763441324234
  ],
  "hemorrhage_mean": [
    0.4552812546491623,
    0.4550931203365326,
    0.45504296362400054,
    0.4552982819080353,
    0.455363872051239
  ]
}