{
  "config": {
    "channels": 3,
    "timesteps": 300,
    "objective": "pred_noise",
    "loss": "mse_ssim",
    "train_style": "patched"
  },
  "best_roc_auc": 0.7068,
  "final_roc_auc": 0.702,
  "best_epoch": 1,
  "final_train_loss": 1.9020296230746115e-06,
  "all_roc_auc": [
    0.7068,
    0.7056,
    0.7036000000000001,
    0.7068,
    0.702
  ]
}