{
  "train_loss": [
    0.23638040445361214,
    0.17818372764130044,
    0.1660539160944111,
    0.161658029692317,
    0.15569337176202033
  ],
  "roc_auc": [
    0.43560000000000004,
    0.3892,
    0.36319999999999997,
    0.35119999999999996,
    0.3424
  ],
  "healthy_mean": [
    0.25754194557666776,
    0.2885611155629158,
    0.2556703922152519,
    0.22875104367733,
    0.22809186965227127
  ],
  "hemorrhage_mean": [
    0.2491464027762413,
    0.2811416780948639,
    0.24549118429422379,
    0.22033505111932755,
    0.22234595954418182
  ]
}