{
  "config": {
    "channels": 3,
    "timesteps": 300,
    "objective": "pred_x0",
    "loss": "mse_ssim",
    "train_style": "full"
  },
  "best_roc_auc": 0.43560000000000004,
  "final_roc_auc": 0.3424,
  "best_epoch": 1,
  "final_train_loss": 0.15569337176202033,
  "all_roc_auc": [
    0.43560000000000004,
    0.3892,
    0.36319999999999997,
    0.35119999999999996,
    0.3424
  ]
}