{
  "train_loss": [
    0.3863186306827975,
    0.332963109823675,
    0.31353183764282805,
    0.3132288797392938,
    0.3097368214200011
  ],
  "roc_auc": [
    0.6504,
    0.6539999999999999,
    0.6552,
    0.6459999999999999,
    0.642
  ],
  "healthy_mean": [
    0.042630865910032296,
    0.04146488161757588,
    0.039748175374697894,
    0.03773825856857002,
    0.036719096046872436
  ],
  "hemorrhage_mean": [
    0.05648228414356708,
    0.054522519297897816,
    0.05237028330564499,
    0.04936654645949602,
    0.048097998164594175
  ]
}