{
  "config": {
    "channels": 1,
    "timesteps": 300,
    "objective": "pred_x0",
    "loss": "mse_ssim",
    "train_style": "patched"
  },
  "best_roc_auc": 0.6552,
  "final_roc_auc": 0.642,
  "best_epoch": 3,
  "final_train_loss": 0.3097368214200011,
  "all_roc_auc": [
    0.6504,
    0.6539999999999999,
    0.6552,
    0.6459999999999999,
    0.642
  ]
}