{
  "train_loss": [
    0.4023300834450057,
    0.33139697028254533,
    0.31926462262021926,
    0.30985145651955376,
    0.3012068491382773
  ],
  "roc_auc": [
    0.7036,
    0.6896,
    0.704,
    0.6944,
    0.6888
  ],
  "healthy_mean": [
    0.026888541928492486,
    0.023595554577186702,
    0.024163413131609558,
    0.021656249165534974,
    0.021653987085446715
  ],
  "hemorrhage_mean": [
    0.035708577036857606,
    0.031153771560639143,
    0.03223908986896276,
    0.02943013347685337,
    0.029446891359984875
  ]
}