{
  "train_loss": [
    0.07068771897562073,
    0.035315392707634986,
    0.03180612159353643,
    0.028409120265301815,
    0.02753799950098536
  ],
  "roc_auc": [
    0.7408,
    0.7304,
    0.7428,
    0.7368,
    0.7072
  ],
  "healthy_mean": [
    0.3177971386909485,
    0.28041617035865785,
    0.28743795573711395,
    0.26946000307798385,
    0.2908812665939331
  ],
  "hemorrhage_mean": [
    0.3353391921520233,
    0.2949449145793915,
    0.3030261009931564,
    0.2856694895029068,
    0.30194117188453673
  ]
}