{
  "train_loss": [
    0.3296240943998469,
    0.24370692510217376,
    0.22885509539349252,
    0.22268391772442983,
    0.21761729948050598
  ],
  "roc_auc": [
    0.6195999999999999,
    0.6368,
    0.6288,
    0.6348,
    0.6295999999999999
  ],
  "healthy_mean": [
    0.038399674221873285,
    0.03600532177835703,
    0.03166599747724831,
    0.02958689732477069,
    0.031132142888382078
  ],
  "hemorrhage_mean": [
    0.04622181951999664,
    0.043277176022529604,
    0.03908596999943256,
    0.036334359385073185,
    0.03820002641528845
  ]
}