{
  "config": {
    "channels": 3,
    "timesteps": 300,
    "objective": "pred_x0",
    "loss": "mse_ssim",
    "train_style": "patched"
  },
  "best_roc_auc": 0.6368,
  "final_roc_auc": 0.6295999999999999,
  "best_epoch": 2,
  "final_train_loss": 0.21761729948050598,
  "all_roc_auc": [
    0.6195999999999999,
    0.6368,
    0.6288,
    0.6348,
    0.6295999999999999
  ]
}