{
  "train_loss": [
    0.07069074031838991,
    0.035328996185789,
    0.03180594197978955,
    0.02834877483778324,
    0.027246389327137393
  ],
  "roc_auc": [
    0.7404000000000001,
    0.7296,
    0.7368,
    0.7388,
    0.7095999999999999
  ],
  "healthy_mean": [
    0.3186060118675232,
    0.2802971088886261,
    0.2979059559106827,
    0.26113339960575105,
    0.29385356724262235
  ],
  "hemorrhage_mean": [
    0.3361453628540039,
    0.2945191848278046,
    0.3119072508811951,
    0.27797888964414597,
    0.3057132738828659
  ]
}