{
  "config": {
    "channels": 1,
    "timesteps": 300,
    "objective": "pred_noise",
    "loss": "mse_ssim",
    "train_style": "full"
  },
  "best_roc_auc": 0.7404000000000001,
  "final_roc_auc": 0.7095999999999999,
  "best_epoch": 1,
  "final_train_loss": 0.027246389327137393,
  "all_roc_auc": [
    0.7404000000000001,
    0.7296,
    0.7368,
    0.7388,
    0.7095999999999999
  ]
}