{
  "train_loss": [
    0.001158184524929295,
    1.370680293685234e-05,
    4.733327748789235e-06,
    2.6166069389205605e-06,
    1.7976107469775105e-06
  ],
  "roc_auc": [
    0.7052,
    0.7052,
    0.7048000000000001,
    0.7068,
    0.702
  ],
  "healthy_mean": [
    0.44066658973693845,
    0.4404683071374893,
    0.4403693091869354,
    0.4404749190807343,
    0.4405256825685501
  ],
  "hemorrhage_mean": [
    0.4553013211488724,
    0.4552028775215149,
    0.45509726643562315,
    0.4554106944799423,
    0.45530816495418547
  ]
}