{
  "config": {
    "channels": 3,
    "timesteps": 300,
    "objective": "pred_noise",
    "loss": "mse",
    "train_style": "patched"
  },
  "best_roc_auc": 0.7068,
  "final_roc_auc": 0.702,
  "best_epoch": 4,
  "final_train_loss": 1.7976107469775105e-06,
  "all_roc_auc": [
    0.7052,
    0.7052,
    0.7048000000000001,
    0.7068,
    0.702
  ]
}