{
  "train_loss": [
    0.10308502022951153,
    0.0410427059663946,
    0.029941118768950656,
    0.023980635548338004,
    0.021940105328366134
  ],
  "roc_auc": [
    0.726,
    0.7284,
    0.7204,
    0.722,
    0.7208
  ],
  "healthy_mean": [
    0.30964102447032926,
    0.3174483674764633,
    0.300559324324131,
    0.28589857965707777,
    0.27632916271686553
  ],
  "hemorrhage_mean": [
    0.326002476811409,
    0.33821910977363584,
    0.32327320575714114,
    0.30643904209136963,
    0.2954336780309677
  ]
}