{
  "train_loss": [
    0.1041641404511503,
    0.04087800891709317,
    0.029696085531641703,
    0.02483923802215136,
    0.021550776842207405
  ],
  "roc_auc": [
    0.7108,
    0.708,
    0.7020000000000001,
    0.6968000000000001,
    0.6988
  ],
  "healthy_mean": [
    0.058602157458662985,
    0.06137128449976444,
    0.062476887926459314,
    0.061395611837506296,
    0.0655336581915617
  ],
  "hemorrhage_mean": [
    0.06315641060471534,
    0.0663633144646883,
    0.06738014377653599,
    0.06564206510782242,
    0.07016048051416873
  ]
}